日期,综合强度,涨停家数,连扳高度,最大回撤个数
2025-02-27,57,74,5,13
2025-02-26,73,97,4,8
2025-02-25,48,56,5,7
2025-02-24,66,85,6,13
2025-02-21,76,110,8,8
2025-02-20,79,93,7,8
2025-02-19,81,107,6,0
2025-02-18,42,46,6,23
2025-02-17,84,101,9,15
2025-02-14,65,78,8,11
2025-02-13,50,64,7,11
2025-02-12,76,81,10,5
2025-02-11,65,69,9,16
2025-02-10,95,118,8,3
2025-02-07,82,79,7,1
2025-02-06,87,88,6,1
2025-02-05,66,76,5,5
2025-01-27,43,39,6,11
2025-01-24,68,66,6,2
2025-01-23,47,40,5,17
2025-01-22,43,39,7,7
2025-01-21,51,46,6,7
2025-01-20,66,71,5,8
2025-01-17,58,57,7,14
2025-01-16,70,71,6,7
2025-01-15,65,65,10,12
2025-01-14,99,132,9,1
2025-01-13,56,45,8,8
2025-01-10,39,38,7,28
2025-01-09,69,86,7,5
2025-01-08,58,66,6,4
2025-01-07,76,92,5,4
2025-01-06,50,59,4,7
2025-01-03,41,45,7,20
2025-01-02,44,58,6,8
2024-12-31,34,46,5,9
2024-12-30,37,41,4,6
2024-12-27,62,66,6,16
2024-12-26,73,95,6,3
2024-12-25,36,37,5,11
2024-12-24,66,75,5,3
2024-12-23,31,31,4,19
2024-12-20,75,83,8,9
2024-12-19,59,74,7,22
2024-12-18,70,98,6,1
2024-12-17,31,27,5,41
2024-12-16,68,100,7,26
2024-12-13,64,97,6,20
2024-12-12,100,139,7,14
2024-12-11,100,145,12,8
2024-12-10,90,109,11,39
2024-12-09,80,104,10,17
2024-12-06,100,120,9,15
2024-12-05,100,129,8,6
2024-12-04,66,85,9,39
2024-12-03,100,116,12,38
2024-12-02,100,165,11,7
2024-11-29,100,128,10,9
2024-11-28,80,91,9,15
2024-11-27,85,98,8,5
2024-11-26,68,91,7,49
2024-11-25,100,154,11,6
2024-11-22,66,70,10,26
2024-11-21,97,105,13,15
2024-11-20,100,151,12,3
2024-11-19,90,95,11,8
2024-11-18,65,81,10,23
2024-11-15,49,67,9,11
2024-11-14,37,33,8,36
2024-11-13,57,66,7,14
2024-11-12,59,83,6,41
2024-11-11,100,157,5,13
2024-11-08,88,118,7,37
2024-11-07,100,190,11,15
2024-11-06,100,132,10,34
2024-11-05,100,171,14,1
2024-11-04,100,143,13,12
2024-11-01,81,98,12,119
2024-10-31,100,186,11,11
2024-10-30,100,148,10,11
2024-10-29,86,116,9,73
2024-10-28,100,230,12,7
2024-10-25,100,160,11,7
2024-10-24,71,89,10,15
2024-10-23,84,98,9,21
2024-10-22,97,109,8,46
2024-10-21,100,134,7,21
2024-10-18,100,116,6,7
2024-10-17,49,53,5,19
2024-10-16,64,89,4,11
2024-10-15,43,56,3,45
2024-10-14,83,108,4,2
2024-10-11,26,36,3,26
2024-10-10,62,70,8,53
2024-10-09,66,44,14,928
2024-10-08,100,716,13,47
2024-09-30,100,659,12,2
2024-09-27,100,131,11,2
2024-09-26,100,143,10,0
2024-09-25,80,56,9,8
2024-09-24,82,94,8,3
2024-09-23,58,54,7,2
2024-09-20,47,48,6,1
2024-09-19,65,60,5,1
2024-09-18,33,27,4,7
2024-09-13,36,41,6,8
2024-09-12,41,36,5,2
2024-09-11,36,31,4,4
2024-09-10,52,42,4,12
2024-09-09,46,51,5,9
2024-09-06,41,32,10,8
2024-09-05,69,50,9,5
2024-09-04,47,39,8,11
2024-09-03,60,42,7,3
2024-09-02,32,32,6,4
2024-08-30,69,62,5,1
2024-08-29,61,47,5,3
2024-08-28,58,38,10,5
2024-08-27,41,30,9,4
2024-08-26,62,44,8,4
2024-08-23,41,40,7,4
2024-08-22,30,28,6,19
2024-08-21,41,39,5,4
2024-08-20,26,26,4,12
2024-08-19,39,43,3,13
2024-08-16,40,40,4,12
2024-08-15,57,48,3,8
2024-08-14,38,36,4,5
2024-08-13,50,38,4,6
2024-08-12,31,32,3,9
2024-08-09,32,32,4,19
2024-08-08,45,44,5,13
2024-08-07,49,49,5,6
2024-08-06,72,59,6,9
2024-08-05,47,46,11,15
2024-08-02,48,47,10,13
2024-08-01,62,59,9,7
2024-07-31,82,84,8,13
2024-07-30,69,61,7,19
2024-07-29,62,68,6,4
2024-07-26,67,62,5,7
2024-07-25,50,42,4,5
2024-07-24,31,30,3,14
2024-07-23,30,41,3,14
2024-07-22,48,43,4,5
2024-07-19,50,42,3,3
2024-07-18,38,38,3,0
2024-07-17,28,24,2,5
2024-07-16,41,29,6,3
2024-07-15,30,29,5,5
2024-07-12,42,35,4,9
2024-07-11,70,77,4,5
2024-07-10,34,41,3,3
2024-07-09,57,49,4,3
2024-07-08,21,19,3,4
2024-07-05,52,36,4,2
2024-07-04,19,17,3,9
2024-07-03,40,34,4,14
2024-07-02,50,50,5,7
2024-07-01,49,39,4,5
2024-06-28,43,33,3,7
2024-06-27,30,30,4,25
2024-06-26,68,52,5,1
2024-06-25,46,56,4,6
2024-06-24,22,21,3,8
2024-06-21,42,33,5,8
2024-06-20,37,31,7,8
2024-06-19,41,39,6,4
2024-06-18,58,47,5,2
2024-06-17,33,24,4,4
2024-06-14,46,25,5,11
2024-06-13,41,45,4,14
2024-06-12,61,48,7,4
2024-06-11,48,27,6,3
2024-06-07,58,58,5,6
2024-06-06,23,22,4,11
2024-06-05,23,19,3,6
2024-06-04,38,33,4,7
2024-06-03,25,16,3,5
2024-05-31,47,28,4,9
2024-05-30,34,29,3,9
2024-05-29,43,30,4,10
2024-05-28,31,28,3,5
2024-05-27,50,41,3,8
2024-05-24,36,37,5,14
2024-05-23,29,25,4,5
2024-05-22,48,39,4,3
2024-05-21,27,19,3,6
2024-05-20,51,42,5,6
2024-05-17,73,75,6,4
2024-05-16,49,41,5,3
2024-05-15,33,32,4,5
2024-05-14,51,48,4,11
2024-05-13,31,28,3,6
2024-05-10,35,37,5,17
2024-05-09,69,52,7,6
2024-05-08,38,45,6,8
2024-05-07,58,56,5,3
2024-05-06,75,88,5,6
2024-04-30,46,53,4,13
2024-04-29,82,110,6,3
2024-04-26,62,68,5,8
2024-04-25,55,43,7,5
2024-04-24,62,51,6,9
2024-04-23,54,49,5,4
2024-04-22,41,54,4,9
2024-04-19,45,56,6,7
2024-04-18,58,63,5,8
2024-04-17,100,235,4,2
2024-04-16,19,19,3,10
2024-04-15,29,25,4,17
2024-04-12,51,58,9,7
2024-04-11,53,47,8,6
2024-04-10,34,29,7,5
2024-04-09,61,60,6,7
2024-04-08,36,55,5,15
2024-04-03,50,47,7,13
2024-04-02,65,61,9,12
2024-04-01,83,79,8,2
2024-03-29,68,66,7,14
2024-03-28,76,75,7,2
2024-03-27,36,44,6,17
2024-03-26,56,61,5,7
2024-03-25,40,42,7,25
2024-03-22,46,59,6,13
2024-03-21,75,71,13,16
2024-03-20,88,81,12,3
2024-03-19,60,64,11,10
2024-03-18,88,85,10,7
2024-03-15,79,71,9,2
2024-03-14,45,41,8,7
2024-03-13,56,57,7,8
2024-03-12,70,75,6,5
2024-03-11,78,84,5,6
2024-03-08,61,63,4,18
2024-03-07,50,66,5,20
2024-03-06,69,84,7,1
2024-03-05,41,47,6,8
2024-03-04,54,73,5,9
2024-03-01,76,71,6,7
2024-02-29,87,106,5,1
2024-02-28,37,31,8,113
2024-02-27,100,97,13,4
2024-02-26,100,106,12,10
2024-02-23,100,114,11,0
2024-02-22,87,78,10,2
2024-02-21,91,131,9,11
2024-02-20,100,104,8,6
2024-02-19,100,237,7,2
2024-02-08,100,504,6,11
2024-02-07,71,93,5,17
2024-02-06,86,135,5,4
2024-02-05,21,17,4,17
2024-02-02,24,26,4,6
2024-02-01,37,30,8,7
2024-01-31,28,27,7,13
2024-01-30,25,22,6,9
2024-01-29,31,28,5,27
2024-01-26,61,60,5,11
2024-01-25,94,104,4,4
2024-01-24,74,74,7,4
2024-01-23,59,44,11,1
2024-01-22,31,17,10,14
2024-01-19,42,40,9,8
2024-01-18,46,38,8,3
2024-01-17,33,33,7,6
2024-01-16,39,32,6,7
2024-01-15,42,36,5,2
2024-01-12,35,26,4,10
2024-01-11,64,56,4,2
2024-01-10,42,38,7,13
2024-01-09,54,44,6,5
2024-01-08,30,33,5,6
2024-01-05,26,24,4,8
2024-01-04,40,39,4,6
2024-01-03,46,36,5,5
2024-01-02,61,52,9,7
2023-12-29,77,62,8,0
2023-12-28,69,58,7,6
2023-12-27,54,29,6,5
2023-12-26,34,37,5,4
2023-12-25,37,33,4,3
2023-12-22,29,20,4,9
2023-12-21,54,36,5,2
2023-12-20,33,31,4,9
2023-12-19,44,26,4,11
2023-12-18,29,36,3,10
2023-12-15,44,44,5,4
2023-12-14,46,39,6,5
2023-12-13,42,36,6,3
2023-12-12,51,43,5,2
2023-12-11,53,39,4,3
2023-12-08,34,33,3,13
2023-12-07,47,39,6,6
2023-12-06,56,38,7,11
2023-12-05,42,39,9,7
2023-12-04,58,54,8,3
2023-12-01,57,50,7,3
2023-11-30,37,27,6,6
2023-11-29,35,30,5,6
2023-11-28,54,38,4,2
2023-11-27,44,35,5,10
2023-11-24,34,31,4,7
2023-11-23,62,39,6,17
2023-11-22,53,50,9,9
2023-11-21,57,52,8,11
2023-11-20,70,59,7,1
2023-11-17,62,44,6,2
2023-11-16,34,32,5,10
2023-11-15,64,57,7,3
2023-11-14,54,38,6,1
2023-11-13,58,40,5,5
2023-11-10,46,33,7,6
2023-11-09,40,31,6,17
2023-11-08,57,53,6,6
2023-11-07,69,54,10,1
2023-11-06,74,60,9,0
2023-11-03,60,40,8,8
2023-11-02,43,29,11,13
2023-11-01,57,37,10,5
2023-10-31,50,37,9,9
2023-10-30,70,67,8,9
2023-10-27,73,75,7,8
2023-10-26,63,42,9,9
2023-10-25,83,64,14,6
2023-10-24,81,63,13,2
2023-10-23,42,36,12,5
2023-10-20,47,36,11,9
2023-10-19,42,26,10,12
2023-10-18,38,37,9,5
2023-10-17,45,28,8,5
2023-10-16,47,54,7,2
2023-10-13,39,35,6,2
2023-10-12,48,28,5,5
2023-10-11,45,37,4,11
2023-10-10,47,45,5,7
2023-10-09,55,55,8,3
2023-09-28,59,40,7,5
2023-09-27,54,35,6,2
2023-09-26,39,33,5,1
2023-09-25,38,27,4,1
2023-09-22,56,31,3,2
2023-09-21,25,17,3,1
2023-09-20,23,18,3,1
2023-09-19,27,19,4,1
2023-09-18,48,42,3,5
2023-09-15,47,32,6,4
2023-09-14,31,23,5,1
2023-09-13,27,22,4,1
2023-09-12,35,27,3,5
2023-09-11,52,27,4,7
2023-09-08,45,36,5,5
2023-09-07,22,17,4,9
2023-09-06,53,37,8,2
2023-09-05,37,19,7,2
2023-09-04,60,48,6,2
2023-09-01,42,25,5,9
2023-08-31,37,32,4,8
2023-08-30,50,36,3,7
2023-08-29,74,72,3,3
2023-08-28,53,35,4,62
2023-08-25,25,22,3,22
2023-08-24,44,33,5,10
2023-08-23,31,35,4,3
2023-08-22,44,41,4,6
2023-08-21,40,32,6,2
2023-08-18,32,28,5,8
2023-08-17,56,35,5,2
2023-08-16,28,23,4,7
2023-08-15,30,28,3,6
2023-08-14,39,25,2,3
2023-08-11,24,21,4,2
2023-08-10,44,24,5,4
2023-08-09,29,21,4,3
2023-08-08,34,32,3,5
2023-08-07,34,29,3,0
2023-08-04,34,19,3,3
2023-08-03,33,23,3,1
2023-08-02,35,25,2,6
2023-08-01,37,33,5,10
2023-07-31,56,46,4,2
2023-07-28,49,47,3,3
2023-07-27,32,24,4,12
2023-07-26,45,38,4,2
2023-07-25,61,60,3,1
2023-07-24,34,24,2,6
2023-07-21,43,33,6,9
2023-07-20,33,29,5,0
2023-07-19,33,20,4,2
2023-07-18,36,18,3,3
2023-07-17,35,28,3,2
2023-07-14,40,41,3,6
2023-07-13,59,39,7,1
2023-07-12,34,31,6,2
2023-07-11,53,36,5,3
2023-07-10,42,34,4,2
2023-07-07,32,23,3,6
2023-07-06,40,32,5,2
2023-07-05,33,26,4,6
2023-07-04,48,49,3,1
2023-07-03,49,42,4,3
2023-06-30,58,50,6,1
2023-06-29,55,53,6,6
2023-06-28,41,33,5,2
2023-06-27,60,56,4,0
2023-06-26,29,33,3,5
2023-06-21,26,36,2,8
2023-06-20,34,39,3,7
2023-06-19,44,44,4,4
2023-06-16,46,50,3,4
2023-06-15,48,40,5,6
2023-06-14,44,48,4,5
2023-06-13,48,45,4,5
2023-06-12,60,60,6,3
2023-06-09,53,64,5,1
2023-06-08,38,31,4,10
2023-06-07,52,55,5,2
2023-06-06,29,37,4,5
2023-06-05,44,45,4,0
2023-06-02,51,53,3,9
2023-06-01,50,42,5,5
2023-05-31,43,43,5,9
2023-05-30,51,40,5,2
2023-05-29,47,38,7,3
2023-05-26,62,48,11,12
2023-05-25,56,46,10,10
2023-05-24,51,42,9,1
2023-05-23,39,23,8,2
2023-05-22,51,36,7,4
2023-05-19,44,28,6,2
2023-05-18,47,44,5,1
2023-05-17,51,41,4,0
2023-05-16,30,24,3,2
2023-05-15,46,37,3,3
2023-05-12,26,24,2,1
2023-05-11,47,47,3,5
2023-05-10,42,35,3,3
2023-05-09,26,24,3,7
2023-05-08,56,57,5,0
2023-05-05,38,39,4,4
2023-05-04,62,82,3,1
2023-04-28,61,92,2,2
2023-04-27,39,34,2,7
2023-04-26,54,51,3,1
2023-04-25,27,29,2,2
2023-04-24,35,35,3,2
2023-04-21,17,11,2,6
2023-04-20,32,33,3,0
2023-04-19,29,27,2,1
2023-04-18,27,17,2,0
2023-04-17,37,33,2,3
2023-04-14,44,31,5,7
2023-04-13,40,31,5,6
2023-04-12,53,53,4,1
2023-04-11,39,30,3,0
2023-04-10,27,18,2,25
2023-04-07,47,46,2,1
2023-04-06,36,29,3,4
2023-04-04,30,23,3,1
2023-04-03,45,39,2,1
2023-03-31,45,29,4,0
2023-03-30,30,18,3,3
2023-03-29,26,16,2,4
2023-03-28,25,24,2,9
2023-03-27,40,35,4,2
2023-03-24,34,20,3,2
2023-03-23,33,20,2,3
2023-03-22,43,28,4,1
2023-03-21,53,34,3,2
2023-03-20,36,18,5,2
2023-03-17,46,29,4,0
2023-03-16,21,14,3,1
2023-03-15,43,27,3,3
2023-03-14,26,16,4,4
2023-03-13,35,28,3,2
2023-03-10,20,16,2,6
2023-03-09,37,24,3,4
2023-03-08,45,19,3,0
2023-03-07,21,16,4,0
2023-03-06,34,17,3,0
2023-03-03,36,17,5,2
2023-03-02,36,24,5,0
2023-03-01,47,30,4,0
2023-02-28,46,23,3,3
2023-02-27,20,16,2,5
2023-02-24,31,14,4,0
2023-02-23,32,21,3,3
2023-02-22,33,23,3,0
2023-02-21,35,14,2,1
2023-02-20,47,36,2,2
2023-02-17,32,24,3,3
2023-02-16,18,17,2,5
2023-02-15,38,34,3,0
2023-02-14,32,22,2,3
2023-02-13,59,41,8,1
2023-02-10,41,21,7,9
2023-02-09,61,32,6,3
2023-02-08,36,30,5,4
2023-02-07,58,40,7,3
2023-02-06,44,36,6,8
2023-02-03,43,38,6,5
2023-02-02,47,47,5,12
2023-02-01,77,69,8,0
2023-01-31,58,39,7,2
2023-01-30,68,81,6,2
2023-01-20,51,25,5,3
2023-01-19,49,29,5,6
2023-01-18,49,35,5,4
2023-01-17,39,33,4,1
2023-01-16,57,41,4,2
2023-01-13,44,33,4,3
2023-01-12,42,32,6,0
2023-01-11,34,28,5,2
2023-01-10,37,36,4,1
2023-01-09,42,40,3,2
2023-01-06,35,31,3,5
2023-01-05,45,41,3,8
2023-01-04,53,47,5,6
2023-01-03,73,95,4,2
2022-12-30,59,44,8,3
2022-12-29,44,37,7,6
2022-12-28,37,34,6,3
2022-12-27,55,46,5,2
2022-12-26,57,60,4,3
2022-12-23,37,36,3,4
2022-12-22,31,34,5,5
2022-12-21,29,27,4,2
2022-12-20,37,27,3,4
2022-12-19,32,25,7,5
2022-12-16,39,38,6,4
2022-12-15,47,33,5,8
2022-12-14,49,49,7,6
2022-12-13,51,57,6,4
2022-12-12,43,44,5,4
2022-12-09,40,40,4,7
2022-12-08,43,46,5,4
2022-12-07,43,48,5,0
2022-12-06,48,31,11,5
2022-12-05,67,52,10,4
2022-12-02,63,58,9,3
2022-12-01,64,58,8,4
2022-11-30,54,50,7,11
2022-11-29,77,96,6,0
2022-11-28,42,40,5,2
2022-11-25,36,35,4,5
2022-11-24,48,45,5,6
2022-11-23,46,44,6,4
2022-11-22,36,41,5,6
2022-11-21,63,53,11,0
2022-11-18,42,46,6,10
2022-11-17,55,59,6,2
2022-11-16,46,39,5,6
2022-11-15,78,83,5,1
2022-11-14,53,64,4,6
2022-11-11,65,60,10,34
2022-11-10,58,59,9,1
2022-11-09,52,44,8,2
2022-11-08,48,39,7,3
2022-11-07,65,62,6,4
2022-11-04,67,71,5,3
2022-11-03,49,42,4,8
2022-11-02,71,82,6,9
2022-11-01,72,81,5,4
2022-10-31,59,74,4,0
2022-10-28,22,24,3,10
2022-10-27,47,46,4,7
2022-10-26,62,78,4,2
2022-10-25,44,53,3,4
2022-10-24,36,35,6,14
2022-10-21,48,52,5,7
2022-10-20,49,49,7,10
2022-10-19,45,49,8,4
2022-10-18,60,66,7,5
2022-10-17,79,85,6,2
2022-10-14,79,95,5,2
2022-10-13,65,68,4,4
2022-10-12,73,78,3,2
2022-10-11,42,48,2,1
2022-10-10,29,29,4,0
2022-09-30,35,34,5,2
2022-09-29,36,21,5,6
2022-09-28,31,33,4,5
2022-09-27,63,69,3,0
2022-09-26,23,36,2,1
2022-09-23,26,21,5,2
2022-09-22,36,37,5,3
2022-09-21,47,42,4,5
2022-09-20,58,58,5,0
2022-09-19,32,33,4,2
2022-09-16,22,24,3,2
2022-09-15,25,26,3,8
2022-09-14,34,33,4,0
2022-09-13,44,46,3,3
2022-09-09,45,34,7,9
2022-09-08,40,41,6,4
2022-09-07,49,58,5,5
2022-09-06,60,61,4,3
2022-09-05,45,53,3,8
2022-09-02,60,61,5,3
2022-09-01,38,41,4,8
2022-08-31,26,30,3,7
2022-08-30,40,35,4,11
2022-08-29,53,59,4,3
2022-08-26,42,37,6,14
2022-08-25,47,55,5,9
2022-08-24,32,30,5,10
2022-08-23,52,65,5,1
2022-08-22,55,62,5,5
2022-08-19,41,48,4,16
2022-08-18,54,78,5,6
2022-08-17,57,64,6,7
2022-08-16,61,75,5,5
2022-08-15,53,72,4,6
2022-08-12,46,55,4,16
2022-08-11,72,68,8,9
2022-08-10,56,73,7,6
2022-08-09,57,67,6,6
2022-08-08,69,98,5,3
2022-08-05,59,58,5,9
2022-08-04,59,62,4,6
2022-08-03,40,37,4,19
2022-08-02,42,45,6,5
2022-08-01,65,82,7,7
2022-07-29,51,59,6,12
2022-07-28,71,80,6,1
2022-07-27,62,83,5,0
2022-07-26,56,56,4,5
2022-07-25,36,39,3,13
2022-07-22,45,52,5,8
2022-07-21,49,64,5,7
2022-07-20,67,84,4,8
2022-07-19,73,81,7,12
2022-07-18,86,120,6,2
2022-07-15,42,56,5,6
2022-07-14,62,68,7,13
2022-07-13,73,89,6,3
2022-07-12,44,44,7,7
2022-07-11,48,57,6,9
2022-07-08,66,66,9,14
2022-07-07,69,77,10,5
2022-07-06,48,51,9,2
2022-07-05,43,38,8,8
2022-07-04,61,77,7,5
2022-07-01,49,60,7,10
2022-06-30,61,81,6,9
2022-06-29,54,55,9,34
2022-06-28,99,127,8,3
2022-06-27,76,100,7,4
2022-06-24,85,101,11,14
2022-06-23,89,107,10,7
2022-06-22,57,71,9,5
2022-06-21,52,52,8,18
2022-06-20,75,92,7,1
2022-06-17,52,64,6,3
2022-06-16,57,65,5,7
2022-06-15,49,56,5,14
2022-06-14,61,61,11,2
2022-06-13,65,68,10,6
2022-06-10,76,93,9,0
2022-06-09,41,42,8,15
2022-06-08,51,60,7,6
2022-06-07,50,63,6,11
2022-06-06,74,87,5,12
2022-06-02,78,87,8,10
2022-06-01,66,80,7,10
2022-05-31,86,90,13,12
2022-05-30,88,95,12,8
2022-05-27,69,86,11,7
2022-05-26,68,65,10,16
2022-05-25,83,100,9,5
2022-05-24,40,40,8,29
2022-05-23,76,93,7,5
2022-05-20,72,78,8,10
2022-05-19,68,72,7,10
2022-05-18,67,95,6,4
2022-05-17,51,66,6,25
2022-05-16,70,94,6,14
2022-05-13,82,102,11,10
2022-05-12,72,78,10,21
2022-05-11,79,95,9,35
2022-05-10,95,110,8,5
2022-05-09,87,138,7,6
2022-05-06,62,83,6,10
2022-05-05,100,150,7,1
2022-04-29,100,212,6,3
2022-04-28,49,67,5,9
2022-04-27,83,137,4,3
2022-04-26,29,42,3,12
2022-04-25,24,25,4,27
2022-04-22,49,75,5,13
2022-04-21,31,32,5,10
2022-04-20,45,52,5,11
2022-04-19,53,56,4,10
2022-04-18,60,76,6,8
2022-04-15,37,38,5,19
2022-04-14,63,77,5,14
2022-04-13,45,53,6,20
2022-04-12,74,96,5,9
2022-04-11,40,53,6,15
2022-04-08,50,64,6,8
2022-04-07,33,32,5,14
2022-04-06,73,82,7,7
2022-04-01,56,71,6,13
2022-03-31,53,53,6,14
2022-03-30,67,79,5,6
2022-03-29,43,55,5,12
2022-03-28,57,60,9,12
2022-03-25,58,72,9,10
2022-03-24,49,61,8,11
2022-03-23,60,68,7,14
2022-03-22,68,78,7,17
2022-03-21,87,114,6,1
2022-03-18,76,103,6,1
2022-03-17,77,96,5,14
2022-03-16,84,127,6,2
2022-03-15,28,28,5,6
2022-03-14,32,41,4,18
2022-03-11,60,68,6,5
2022-03-10,71,83,5,9
2022-03-09,37,46,4,1
2022-03-08,29,21,6,22
2022-03-07,45,52,7,5
2022-03-04,44,45,7,23
2022-03-03,64,75,6,2
2022-03-02,57,63,5,3
2022-03-01,53,51,4,3
2022-02-28,49,43,7,10
2022-02-25,60,58,6,4
2022-02-24,39,35,7,17
2022-02-23,74,86,6,7
2022-02-22,52,46,7,13
2022-02-21,82,98,6,2
2022-02-18,54,49,5,3
2022-02-17,40,43,4,21
2022-02-16,66,70,5,4
2022-02-15,50,56,4,8
2022-02-14,58,84,6,6
2022-02-11,45,51,8,11
2022-02-10,55,55,7,10
2022-02-09,79,96,6,3
2022-02-08,70,74,5,1
2022-02-07,61,86,4,8
2022-01-28,48,56,3,3
2022-01-27,16,13,2,24
2022-01-26,51,51,4,10
2022-01-25,28,27,5,9
2022-01-24,45,54,4,8
2022-01-21,44,48,7,25
2022-01-20,44,42,7,10
2022-01-19,54,57,6,12
2022-01-18,44,41,5,44
2022-01-17,83,110,6,13
2022-01-14,53,74,5,6
2022-01-13,55,56,6,9
2022-01-12,75,92,8,3
2022-01-11,49,56,7,9
2022-01-10,64,70,6,5
2022-01-07,44,43,7,16
2022-01-06,63,83,6,8
2022-01-05,56,48,10,20
2022-01-04,82,93,9,4
2021-12-31,67,58,8,13
2021-12-30,75,87,7,3
2021-12-29,65,63,12,4
2021-12-28,52,60,5,13
2021-12-27,52,62,4,8
2021-12-24,38,51,6,15
2021-12-23,55,70,9,23
2021-12-22,79,78,13,44
2021-12-21,100,136,12,6
2021-12-20,84,99,11,18
2021-12-17,71,85,10,11
2021-12-16,82,88,9,5
2021-12-15,65,79,8,15
2021-12-14,75,92,7,3
2021-12-13,61,79,6,7
2021-12-10,55,68,5,1
2021-12-09,61,68,7,3
2021-12-08,63,82,6,1
2021-12-07,44,52,5,4
2021-12-06,34,39,6,4
2021-12-03,52,55,5,12
2021-12-02,43,53,5,15
2021-12-01,61,86,4,6
2021-11-30,59,70,5,6
2021-11-29,45,70,5,6
2021-11-26,41,51,4,9
2021-11-25,57,58,9,13
2021-11-24,59,78,8,1
2021-11-23,56,59,7,4
2021-11-22,61,87,6,4
2021-11-19,58,70,5,2
2021-11-18,40,52,4,9
2021-11-17,62,94,4,5
2021-11-16,40,60,4,11
2021-11-15,66,77,7,14
2021-11-12,61,84,6,4
2021-11-11,64,71,8,8
2021-11-10,55,47,7,1
2021-11-09,60,60,6,3
2021-11-08,52,57,5,4
2021-11-05,48,50,4,6
2021-11-04,65,97,5,2
2021-11-03,46,47,4,2
2021-11-02,34,44,3,12
2021-11-01,63,91,3,2
2021-10-29,68,68,10,5
2021-10-28,39,39,9,10
2021-10-27,38,41,8,3
2021-10-26,39,31,7,9
2021-10-25,53,64,6,1
2021-10-22,35,40,5,8
2021-10-21,50,40,11,0
2021-10-20,50,48,10,3
2021-10-19,57,66,9,6
2021-10-18,59,75,8,3
2021-10-15,35,29,7,12
2021-10-14,55,74,6,1
2021-10-13,49,57,5,2
2021-10-12,31,35,4,6
2021-10-11,43,46,3,6
2021-10-08,53,64,3,16
2021-09-30,59,73,5,5
2021-09-29,21,18,4,16
2021-09-28,47,71,3,0
2021-09-27,28,40,2,23
2021-09-24,48,41,13,10
2021-09-23,74,70,12,12
2021-09-22,72,97,11,1
2021-09-17,52,47,10,11
2021-09-16,45,46,9,17
2021-09-15,60,90,8,10
2021-09-14,48,63,7,7
2021-09-13,59,86,6,1
2021-09-10,47,53,6,6
2021-09-09,51,71,5,5
2021-09-08,67,89,5,2
2021-09-07,59,95,4,5
2021-09-06,59,79,3,4
2021-09-03,51,52,4,27
2021-09-02,58,109,4,1
2021-09-01,53,66,5,24
2021-08-31,52,79,4,4
2021-08-30,51,77,3,6
2021-08-27,42,73,2,6
2021-08-26,43,54,5,4
2021-08-25,55,81,4,4
2021-08-24,52,66,3,17
2021-08-23,83,122,6,4
2021-08-20,38,46,5,3
2021-08-19,43,47,4,13
2021-08-18,57,71,5,4
2021-08-17,36,27,7,21
2021-08-16,61,71,8,15
2021-08-13,57,65,9,4
2021-08-12,60,66,8,6
2021-08-11,64,90,7,6
2021-08-10,64,70,6,6
2021-08-09,58,79,5,4
2021-08-06,42,59,4,5
2021-08-05,42,50,4,5
2021-08-04,58,87,4,3
2021-08-03,42,53,3,17
2021-08-02,70,96,4,10
2021-07-30,66,81,3,12
2021-07-29,78,114,4,1
2021-07-28,28,38,3,2
2021-07-27,33,26,5,31
2021-07-26,38,39,4,8
2021-07-23,34,48,3,10
2021-07-22,50,56,2,4
2021-07-21,60,84,6,1
2021-07-20,45,46,5,3
2021-07-19,39,52,4,11
2021-07-16,37,35,5,5
2021-07-15,36,47,4,7
2021-07-14,34,53,3,7
2021-07-13,54,62,4,4
2021-07-12,62,85,4,5
2021-07-09,47,64,3,1
2021-07-08,40,47,4,8
2021-07-07,46,63,3,2
2021-07-06,38,38,2,7
2021-07-05,57,69,5,3
2021-07-02,37,36,4,11
2021-07-01,38,52,5,21
2021-06-30,48,51,4,7
2021-06-29,35,44,3,2
2021-06-28,53,62,6,3
2021-06-25,48,56,5,6
2021-06-24,43,56,4,11
2021-06-23,50,51,5,10
2021-06-22,59,66,6,2
2021-06-21,55,70,5,2
2021-06-18,53,58,4,3
2021-06-17,44,49,3,9
2021-06-16,32,36,3,12
2021-06-15,32,39,2,20
2021-06-11,49,60,5,15
2021-06-10,57,63,7,0
2021-06-09,50,50,6,3
2021-06-08,48,54,5,11
2021-06-07,51,60,4,3
2021-06-04,42,49,5,3
2021-06-03,58,63,10,7
2021-06-02,53,54,9,13
2021-06-01,68,67,8,5
2021-05-31,70,86,7,1
2021-05-28,44,48,6,3
2021-05-27,57,65,6,3
2021-05-26,55,60,5,6
2021-05-25,57,48,8,3
2021-05-24,61,56,7,7
2021-05-21,55,63,7,5
2021-05-20,46,47,6,7
2021-05-19,46,53,5,3
2021-05-18,54,69,4,4
2021-05-17,39,33,3,14
2021-05-14,61,77,5,10
2021-05-13,41,42,4,10
2021-05-12,75,76,11,3
2021-05-11,55,55,5,13
2021-05-10,61,83,4,2
2021-05-07,41,43,3,7
2021-05-06,60,58,10,3
2021-04-30,45,40,9,7
2021-04-29,49,44,8,11
2021-04-28,52,60,7,6
2021-04-27,41,39,6,10
2021-04-26,43,48,5,7
2021-04-23,34,36,4,8
2021-04-22,45,41,6,2
2021-04-21,37,34,5,10
2021-04-20,42,43,4,13
2021-04-19,69,78,5,3
2021-04-16,67,74,6,6
2021-04-15,44,45,5,12
2021-04-14,59,65,4,8
2021-04-13,48,52,7,12
2021-04-12,53,64,6,9
2021-04-09,59,57,8,7
2021-04-08,47,40,7,23
2021-04-07,73,89,9,1
2021-04-06,82,76,15,4
2021-04-02,75,68,14,7
2021-04-01,68,72,13,11
2021-03-31,70,73,12,10
2021-03-30,62,58,11,8
2021-03-29,63,64,10,4
2021-03-26,67,72,9,5
2021-03-25,49,44,8,23
2021-03-24,50,56,7,6
2021-03-23,46,47,6,19
2021-03-22,69,80,5,2
2021-03-19,47,54,4,7
2021-03-18,44,59,4,8
2021-03-17,54,56,5,1
2021-03-16,61,66,7,0
2021-03-15,45,46,6,3
2021-03-12,47,47,5,5
2021-03-11,58,69,5,1
2021-03-10,29,33,4,13
2021-03-09,35,35,4,13
2021-03-08,45,53,7,11
2021-03-05,56,61,6,10
2021-03-04,44,44,5,5
2021-03-03,59,81,4,1
2021-03-02,33,37,3,12
2021-03-01,66,84,5,6
2021-02-26,40,39,4,9
2021-02-25,35,41,3,12
2021-02-24,44,42,5,8
2021-02-23,49,53,7,13
2021-02-22,75,80,7,3
2021-02-19,79,100,6,2
2021-02-18,67,100,5,9
2021-02-10,46,39,4,8
2021-02-09,59,65,4,4
2021-02-08,40,55,3,7
2021-02-05,32,47,4,19
2021-02-04,33,45,4,8
2021-02-03,31,40,3,8
2021-02-02,51,68,4,22
2021-02-01,56,82,5,0
2021-01-29,29,32,4,10
2021-01-28,36,42,4,12
2021-01-27,53,63,6,5
2021-01-26,38,51,5,10
2021-01-25,38,47,5,6
2021-01-22,42,50,4,19
2021-01-21,65,78,6,11
2021-01-20,57,75,6,7
2021-01-19,70,73,10,8
2021-01-18,75,89,9,4
2021-01-15,66,78,8,8
2021-01-14,56,68,7,5
2021-01-13,39,39,6,1
2021-01-12,52,70,5,2
2021-01-11,31,40,4,4
2021-01-08,45,49,6,5
